pagina;fila_formulario;codigo;descripcion;tipo_dato;operacion;titulo_seccion;seccion;relevancia_motor_gcp;validado_Sii
1;header;1;Apellido Paterno o Razón Social;texto;;IDENTIFICACIÓN DEL CONTRIBUYENTE;Identificación del contribuyente;universal;SI
1;header;2;Apellido Materno;texto;;IDENTIFICACIÓN DEL CONTRIBUYENTE;Identificación del contribuyente;universal (personas);SI
1;header;3;ROL UNICO TRIBUTARIO;RUT;;IDENTIFICACIÓN DEL CONTRIBUYENTE;Identificación del contribuyente;universal · RUT del cliente;SI
1;header;5;Nombres;texto;;IDENTIFICACIÓN DEL CONTRIBUYENTE;Identificación del contribuyente;universal (personas);SI
1;header;7;FOLIO;folio;;IDENTIFICACIÓN DEL CONTRIBUYENTE;Identificación del contribuyente;universal · lo asigna el SII;SI
1;header;15;PERIODO TRIBUTARIO (MES / AÑO);período;;IDENTIFICACIÓN DEL CONTRIBUYENTE;Identificación del contribuyente;universal · período x−1;SI
1;1;20;Exportaciones;monto neto;;IMPUESTO AL VALOR AGREGADO D.L.825/74 > VENTAS Y/O SERVICIOS PRESTADOS > INFORMACIÓN DE INGRESOS;IVA D.L.825 · Información de ingresos (ventas y/o servicios);informativo · exentos (Monto Exento SÍ entra a la BI del PPM);SI
1;1;585;Exportaciones;cantidad de documentos;;IMPUESTO AL VALOR AGREGADO D.L.825/74 > VENTAS Y/O SERVICIOS PRESTADOS > INFORMACIÓN DE INGRESOS;IVA D.L.825 · Información de ingresos (ventas y/o servicios);informativo · exentos/exportación (no P1);SI
1;2;142;Ventas y/o Servicios prestados Exentos, o No Gravados del giro;monto neto;;IMPUESTO AL VALOR AGREGADO D.L.825/74 > VENTAS Y/O SERVICIOS PRESTADOS > INFORMACIÓN DE INGRESOS;IVA D.L.825 · Información de ingresos (ventas y/o servicios);informativo · exentos (Monto Exento SÍ entra a la BI del PPM);SI
1;2;586;Ventas y/o Servicios prestados Exentos, o No Gravados del giro;cantidad de documentos;;IMPUESTO AL VALOR AGREGADO D.L.825/74 > VENTAS Y/O SERVICIOS PRESTADOS > INFORMACIÓN DE INGRESOS;IVA D.L.825 · Información de ingresos (ventas y/o servicios);informativo · exentos/exportación (no P1);SI
1;3;731;Ventas con retención sobre el margen de comercialización (contribuyentes retenidos);cantidad de documentos;;IMPUESTO AL VALOR AGREGADO D.L.825/74 > VENTAS Y/O SERVICIOS PRESTADOS > INFORMACIÓN DE INGRESOS;IVA D.L.825 · Información de ingresos (ventas y/o servicios);informativo · exentos/exportación (no P1);SI
1;3;732;Ventas con retención sobre el margen de comercialización (contribuyentes retenidos);monto neto;;IMPUESTO AL VALOR AGREGADO D.L.825/74 > VENTAS Y/O SERVICIOS PRESTADOS > INFORMACIÓN DE INGRESOS;IVA D.L.825 · Información de ingresos (ventas y/o servicios);informativo · exentos (Monto Exento SÍ entra a la BI del PPM);SI
1;4;714;Ventas y/o Servicios prestados exentos o No Gravados que no son del giro;cantidad de documentos;;IMPUESTO AL VALOR AGREGADO D.L.825/74 > VENTAS Y/O SERVICIOS PRESTADOS > INFORMACIÓN DE INGRESOS;IVA D.L.825 · Información de ingresos (ventas y/o servicios);informativo · exentos/exportación (no P1);SI
1;4;715;Ventas y/o Servicios prestados exentos o No Gravados que no son del giro;monto neto;;IMPUESTO AL VALOR AGREGADO D.L.825/74 > VENTAS Y/O SERVICIOS PRESTADOS > INFORMACIÓN DE INGRESOS;IVA D.L.825 · Información de ingresos (ventas y/o servicios);informativo · exentos (Monto Exento SÍ entra a la BI del PPM);SI
1;5;515;Facturas de Compra recibidas con retención total (contribuyentes retenidos) y Factura de Inicio emitida;cantidad de documentos;;IMPUESTO AL VALOR AGREGADO D.L.825/74 > VENTAS Y/O SERVICIOS PRESTADOS > INFORMACIÓN DE INGRESOS;IVA D.L.825 · Información de ingresos (ventas y/o servicios);informativo · exentos/exportación (no P1);SI
1;5;587;Facturas de Compra recibidas con retención total (contribuyentes retenidos) y Factura de Inicio emitida;monto neto;;IMPUESTO AL VALOR AGREGADO D.L.825/74 > VENTAS Y/O SERVICIOS PRESTADOS > INFORMACIÓN DE INGRESOS;IVA D.L.825 · Información de ingresos (ventas y/o servicios);informativo · exentos (Monto Exento SÍ entra a la BI del PPM);SI
1;6;720;Facturas de compras recibidas con retención parcial (Total neto);monto neto;;IMPUESTO AL VALOR AGREGADO D.L.825/74 > VENTAS Y/O SERVICIOS PRESTADOS > INFORMACIÓN DE INGRESOS;IVA D.L.825 · Información de ingresos (ventas y/o servicios);caso especial · cambio de sujeto;SI
1;7;502;Facturas emitidas por ventas y servicios del giro, o por cuenta de terceros;débito;+;IMPUESTO AL VALOR AGREGADO D.L.825/74 > VENTAS Y/O SERVICIOS PRESTADOS > GENERA DÉBITO;IVA D.L.825 · Genera débito (P1);"P1 · débito (Σ Monto IVA pestaña VENTA; NC restan)";SI
1;7;503;Facturas emitidas por ventas y servicios del giro, o por cuenta de terceros;cantidad de documentos;+;IMPUESTO AL VALOR AGREGADO D.L.825/74 > VENTAS Y/O SERVICIOS PRESTADOS > GENERA DÉBITO;IVA D.L.825 · Genera débito (P1);P1 · cantidad;SI
1;8;763;Facturas emitidas por la venta de bienes inmuebles afectas a IVA;cantidad de documentos;+;IMPUESTO AL VALOR AGREGADO D.L.825/74 > VENTAS Y/O SERVICIOS PRESTADOS > GENERA DÉBITO;IVA D.L.825 · Genera débito (P1);P1 · cantidad;SI
1;8;764;Facturas emitidas por la venta de bienes inmuebles afectas a IVA;débito;+;IMPUESTO AL VALOR AGREGADO D.L.825/74 > VENTAS Y/O SERVICIOS PRESTADOS > GENERA DÉBITO;IVA D.L.825 · Genera débito (P1);"P1 · débito (Σ Monto IVA pestaña VENTA; NC restan)";SI
1;9;716;Facturas y Notas de Débitos por ventas y servicios que no son del giro (activo fijo y otros);cantidad de documentos;+;IMPUESTO AL VALOR AGREGADO D.L.825/74 > VENTAS Y/O SERVICIOS PRESTADOS > GENERA DÉBITO;IVA D.L.825 · Genera débito (P1);P1 · cantidad;SI
1;9;717;Facturas y Notas de Débitos por ventas y servicios que no son del giro (activo fijo y otros);débito;+;IMPUESTO AL VALOR AGREGADO D.L.825/74 > VENTAS Y/O SERVICIOS PRESTADOS > GENERA DÉBITO;IVA D.L.825 · Genera débito (P1);"P1 · débito (Σ Monto IVA pestaña VENTA; NC restan)";SI
1;10;110;Boletas;cantidad de documentos;+;IMPUESTO AL VALOR AGREGADO D.L.825/74 > VENTAS Y/O SERVICIOS PRESTADOS > GENERA DÉBITO;IVA D.L.825 · Genera débito (P1);P1 · cantidad;SI
1;10;111;Boletas;débito;+;IMPUESTO AL VALOR AGREGADO D.L.825/74 > VENTAS Y/O SERVICIOS PRESTADOS > GENERA DÉBITO;IVA D.L.825 · Genera débito (P1);"P1 · débito (Σ Monto IVA pestaña VENTA; NC restan)";SI
1;11;758;Comprobantes o Recibos de Pago generados en transacciones pagadas a través de medios electrónicos;cantidad de documentos;+;IMPUESTO AL VALOR AGREGADO D.L.825/74 > VENTAS Y/O SERVICIOS PRESTADOS > GENERA DÉBITO;IVA D.L.825 · Genera débito (P1);P1 · cantidad;SI
1;11;759;Comprobantes o Recibos de Pago generados en transacciones pagadas a través de medios electrónicos;débito;+;IMPUESTO AL VALOR AGREGADO D.L.825/74 > VENTAS Y/O SERVICIOS PRESTADOS > GENERA DÉBITO;IVA D.L.825 · Genera débito (P1);"P1 · débito (Σ Monto IVA pestaña VENTA; NC restan)";SI
1;12;512;Notas de Débito emitidas asociadas al giro y Notas de Débito recibidas de terceros por retención parcial de cambio de sujeto;cantidad de documentos;+;IMPUESTO AL VALOR AGREGADO D.L.825/74 > VENTAS Y/O SERVICIOS PRESTADOS > GENERA DÉBITO;IVA D.L.825 · Genera débito (P1);P1 · cantidad;SI
1;12;513;Notas de Débito emitidas asociadas al giro y Notas de Débito recibidas de terceros por retención parcial de cambio de sujeto;débito;+;IMPUESTO AL VALOR AGREGADO D.L.825/74 > VENTAS Y/O SERVICIOS PRESTADOS > GENERA DÉBITO;IVA D.L.825 · Genera débito (P1);"P1 · débito (Σ Monto IVA pestaña VENTA; NC restan)";SI
1;13;509;Notas de Crédito emitidas por Facturas asociadas al giro y Notas de Crédito recibidas de terceros por retención parcial de cambio de sujeto;cantidad de documentos;-;IMPUESTO AL VALOR AGREGADO D.L.825/74 > VENTAS Y/O SERVICIOS PRESTADOS > GENERA DÉBITO;IVA D.L.825 · Genera débito (P1);P1 · cantidad;SI
1;13;510;Notas de Crédito emitidas por Facturas asociadas al giro y Notas de Crédito recibidas de terceros por retención parcial de cambio de sujeto;débito;-;IMPUESTO AL VALOR AGREGADO D.L.825/74 > VENTAS Y/O SERVICIOS PRESTADOS > GENERA DÉBITO;IVA D.L.825 · Genera débito (P1);"P1 · débito (Σ Monto IVA pestaña VENTA; NC restan)";SI
1;14;708;Notas de Crédito emitidas por Vales de máquinas autorizadas por el Servicio;cantidad de documentos;-;IMPUESTO AL VALOR AGREGADO D.L.825/74 > VENTAS Y/O SERVICIOS PRESTADOS > GENERA DÉBITO;IVA D.L.825 · Genera débito (P1);P1 · cantidad;SI
1;14;709;Notas de Crédito emitidas por Vales de máquinas autorizadas por el Servicio;débito;-;IMPUESTO AL VALOR AGREGADO D.L.825/74 > VENTAS Y/O SERVICIOS PRESTADOS > GENERA DÉBITO;IVA D.L.825 · Genera débito (P1);"P1 · débito (Σ Monto IVA pestaña VENTA; NC restan)";SI
1;15;733;Notas de Crédito emitidas por ventas y servicios que no son del giro (activo fijo y otros);cantidad de documentos;-;IMPUESTO AL VALOR AGREGADO D.L.825/74 > VENTAS Y/O SERVICIOS PRESTADOS > GENERA DÉBITO;IVA D.L.825 · Genera débito (P1);P1 · cantidad;SI
1;15;734;Notas de Crédito emitidas por ventas y servicios que no son del giro (activo fijo y otros);débito;-;IMPUESTO AL VALOR AGREGADO D.L.825/74 > VENTAS Y/O SERVICIOS PRESTADOS > GENERA DÉBITO;IVA D.L.825 · Genera débito (P1);"P1 · débito (Σ Monto IVA pestaña VENTA; NC restan)";SI
1;16;516;Facturas de Compra recibidas con retención parcial (contribuyentes retenidos);cantidad de documentos;+;IMPUESTO AL VALOR AGREGADO D.L.825/74 > VENTAS Y/O SERVICIOS PRESTADOS > GENERA DÉBITO;IVA D.L.825 · Genera débito (P1);P1 · cantidad;SI
1;16;517;Facturas de Compra recibidas con retención parcial (contribuyentes retenidos);débito;+;IMPUESTO AL VALOR AGREGADO D.L.825/74 > VENTAS Y/O SERVICIOS PRESTADOS > GENERA DÉBITO;IVA D.L.825 · Genera débito (P1);"P1 · débito (Σ Monto IVA pestaña VENTA; NC restan)";SI
1;17;500;Liquidación y Liquidación Factura;cantidad de documentos;+;IMPUESTO AL VALOR AGREGADO D.L.825/74 > VENTAS Y/O SERVICIOS PRESTADOS > GENERA DÉBITO;IVA D.L.825 · Genera débito (P1);P1 · caso especial (ventas por terceros);SI
1;17;501;Liquidación y Liquidación Factura;débito;+;IMPUESTO AL VALOR AGREGADO D.L.825/74 > VENTAS Y/O SERVICIOS PRESTADOS > GENERA DÉBITO;IVA D.L.825 · Genera débito (P1);P1 · caso especial (ventas por terceros);SI
1;18;154;Adiciones al Débito Fiscal del mes, originadas en devoluciones excesivas registradas en otros períodos por Art.27 bis;débito;+;IMPUESTO AL VALOR AGREGADO D.L.825/74 > VENTAS Y/O SERVICIOS PRESTADOS > GENERA DÉBITO;IVA D.L.825 · Genera débito (P1);caso especial · 27 bis;SI
1;19;518;Restitución Adicional por proporción de operaciones exentas y/o no gravadas por concepto Art.27 bis, inc.2º (Ley 19.738/01);débito;+;IMPUESTO AL VALOR AGREGADO D.L.825/74 > VENTAS Y/O SERVICIOS PRESTADOS > GENERA DÉBITO;IVA D.L.825 · Genera débito (P1);caso especial · 27 bis;SI
1;20;713;Reintegro del Impuesto de Timbres y Estampillas, Art. 3º Ley N° 20.259 e IVA determinado en el Arrendamiento esporádico de BBRR amoblados;débito;+;IMPUESTO AL VALOR AGREGADO D.L.825/74 > VENTAS Y/O SERVICIOS PRESTADOS > GENERA DÉBITO;IVA D.L.825 · Genera débito (P1);caso especial;SI
1;21;738;Adiciones al Débito por IEPD. Ley 20.765;M3 comprados con derecho;+;IMPUESTO AL VALOR AGREGADO D.L.825/74 > VENTAS Y/O SERVICIOS PRESTADOS > GENERA DÉBITO;IVA D.L.825 · Genera débito (P1);caso especial · diésel Ley 20.765;SI
1;21;739;Adiciones al Débito por IEPD. Ley 20.765;componente Base;+;IMPUESTO AL VALOR AGREGADO D.L.825/74 > VENTAS Y/O SERVICIOS PRESTADOS > GENERA DÉBITO;IVA D.L.825 · Genera débito (P1);caso especial · diésel Ley 20.765;SI
1;21;740;Adiciones al Débito por IEPD. Ley 20.765;componente Variable;+;IMPUESTO AL VALOR AGREGADO D.L.825/74 > VENTAS Y/O SERVICIOS PRESTADOS > GENERA DÉBITO;IVA D.L.825 · Genera débito (P1);caso especial · diésel Ley 20.765;SI
1;21;741;Adiciones al Débito por IEPD. Ley 20.765;débito;+;IMPUESTO AL VALOR AGREGADO D.L.825/74 > VENTAS Y/O SERVICIOS PRESTADOS > GENERA DÉBITO;IVA D.L.825 · Genera débito (P1);caso especial · diésel Ley 20.765;SI
1;22;791;Restitución Adicional por proporción de operaciones exentas y/o no gravadas por concepto Reembolso Remanente CF IVA (Ley 21.256);débito;+;IMPUESTO AL VALOR AGREGADO D.L.825/74 > VENTAS Y/O SERVICIOS PRESTADOS > GENERA DÉBITO;IVA D.L.825 · Genera débito (P1);caso especial;SI
1;23;538;TOTAL DEBITOS;total;=;IMPUESTO AL VALOR AGREGADO D.L.825/74 > VENTAS Y/O SERVICIOS PRESTADOS > GENERA DÉBITO > TOTAL DÉBITOS;IVA D.L.825 · Genera débito (P1);P1 · TOTAL DÉBITOS (casilla ancla);SI
1;24;511;IVA por documentos electrónicos recibidos;con derecho a crédito;;IMPUESTO AL VALOR AGREGADO D.L.825/74 > COMPRAS Y/O SERVICIOS UTILIZADOS;IVA D.L.825 · Compras y/o servicios utilizados;informativo · control;SI
1;24;514;IVA por documentos electrónicos recibidos;sin derecho a crédito;;IMPUESTO AL VALOR AGREGADO D.L.825/74 > COMPRAS Y/O SERVICIOS UTILIZADOS;IVA D.L.825 · Compras y/o servicios utilizados;informativo · control;SI
1;25;521;Internas afectas (SIN derecho a crédito fiscal);monto neto;;IMPUESTO AL VALOR AGREGADO D.L.825/74 > COMPRAS Y/O SERVICIOS UTILIZADOS > SIN DERECHO A CRÉDITO FISCAL;IVA D.L.825 · Compras y/o servicios utilizados;informativo · sin derecho (no P2);SI
1;25;564;Internas afectas (SIN derecho a crédito fiscal);cantidad de documentos;;IMPUESTO AL VALOR AGREGADO D.L.825/74 > COMPRAS Y/O SERVICIOS UTILIZADOS > SIN DERECHO A CRÉDITO FISCAL;IVA D.L.825 · Compras y/o servicios utilizados;informativo · sin derecho (no P2);SI
1;26;560;importaciones (SIN derecho a crédito fiscal);monto neto;;IMPUESTO AL VALOR AGREGADO D.L.825/74 > COMPRAS Y/O SERVICIOS UTILIZADOS > SIN DERECHO A CRÉDITO FISCAL;IVA D.L.825 · Compras y/o servicios utilizados;informativo · sin derecho (no P2);SI
1;26;566;importaciones (SIN derecho a crédito fiscal);cantidad de documentos;;IMPUESTO AL VALOR AGREGADO D.L.825/74 > COMPRAS Y/O SERVICIOS UTILIZADOS > SIN DERECHO A CRÉDITO FISCAL;IVA D.L.825 · Compras y/o servicios utilizados;informativo · sin derecho (no P2);SI
1;27;562;Internas exentas, o no gravadas (SIN derecho a crédito fiscal);monto neto;;IMPUESTO AL VALOR AGREGADO D.L.825/74 > COMPRAS Y/O SERVICIOS UTILIZADOS > SIN DERECHO A CRÉDITO FISCAL;IVA D.L.825 · Compras y/o servicios utilizados;informativo · sin derecho (no P2);SI
1;27;584;Internas exentas, o no gravadas (SIN derecho a crédito fiscal);cantidad de documentos;;IMPUESTO AL VALOR AGREGADO D.L.825/74 > COMPRAS Y/O SERVICIOS UTILIZADOS > SIN DERECHO A CRÉDITO FISCAL;IVA D.L.825 · Compras y/o servicios utilizados;informativo · sin derecho (no P2);SI
1;28;519;Facturas recibidas del giro y Facturas de compra emitidas;cantidad de documentos;+;IMPUESTO AL VALOR AGREGADO D.L.825/74 > COMPRAS Y/O SERVICIOS UTILIZADOS > CON DERECHO A CRÉDITO FISCAL > INTERNAS;IVA D.L.825 · Con derecho a crédito fiscal (P2);P2 · crédito (Σ IVA Recuperable pestaña COMPRA);SI
1;28;520;Facturas recibidas del giro y Facturas de compra emitidas;crédito, recuperación y reintegro;+;IMPUESTO AL VALOR AGREGADO D.L.825/74 > COMPRAS Y/O SERVICIOS UTILIZADOS > CON DERECHO A CRÉDITO FISCAL > INTERNAS;IVA D.L.825 · Con derecho a crédito fiscal (P2);P2 · crédito (Σ IVA Recuperable pestaña COMPRA);SI
1;29;761;Facturas recibidas de Proveedores: Supermercados y Comercios similares, Art.23 Nº4 D.L.825, de 1974 (Ley Nº20.780);cantidad de documentos;+;IMPUESTO AL VALOR AGREGADO D.L.825/74 > COMPRAS Y/O SERVICIOS UTILIZADOS > CON DERECHO A CRÉDITO FISCAL > INTERNAS;IVA D.L.825 · Con derecho a crédito fiscal (P2);P2 · caso especial;SI
1;29;762;Facturas recibidas de Proveedores: Supermercados y Comercios similares, Art.23 Nº4 D.L.825, de 1974 (Ley Nº20.780);crédito, recuperación y reintegro;+;IMPUESTO AL VALOR AGREGADO D.L.825/74 > COMPRAS Y/O SERVICIOS UTILIZADOS > CON DERECHO A CRÉDITO FISCAL > INTERNAS;IVA D.L.825 · Con derecho a crédito fiscal (P2);P2 · caso especial;SI
1;30;765;Facturas recibidas por Adquisición o Construcción de Bienes Inmuebles, Art.8º transitorio (Ley Nº20.780);cantidad de documentos;+;IMPUESTO AL VALOR AGREGADO D.L.825/74 > COMPRAS Y/O SERVICIOS UTILIZADOS > CON DERECHO A CRÉDITO FISCAL > INTERNAS;IVA D.L.825 · Con derecho a crédito fiscal (P2);P2 · caso especial;SI
1;30;766;Facturas recibidas por Adquisición o Construcción de Bienes Inmuebles, Art.8º transitorio (Ley Nº20.780);crédito, recuperación y reintegro;+;IMPUESTO AL VALOR AGREGADO D.L.825/74 > COMPRAS Y/O SERVICIOS UTILIZADOS > CON DERECHO A CRÉDITO FISCAL > INTERNAS;IVA D.L.825 · Con derecho a crédito fiscal (P2);P2 · caso especial;SI
1;31;524;Facturas activo fijo;cantidad de documentos;+;IMPUESTO AL VALOR AGREGADO D.L.825/74 > COMPRAS Y/O SERVICIOS UTILIZADOS > CON DERECHO A CRÉDITO FISCAL > INTERNAS;IVA D.L.825 · Con derecho a crédito fiscal (P2);P2 · activo fijo;SI
1;31;525;Facturas activo fijo;crédito, recuperación y reintegro;+;IMPUESTO AL VALOR AGREGADO D.L.825/74 > COMPRAS Y/O SERVICIOS UTILIZADOS > CON DERECHO A CRÉDITO FISCAL > INTERNAS;IVA D.L.825 · Con derecho a crédito fiscal (P2);P2 · activo fijo;SI
1;32;527;Notas de Crédito recibidas y Notas de Crédito emitidas por retención de cambio de sujeto;cantidad de documentos;-;IMPUESTO AL VALOR AGREGADO D.L.825/74 > COMPRAS Y/O SERVICIOS UTILIZADOS > CON DERECHO A CRÉDITO FISCAL > INTERNAS;IVA D.L.825 · Con derecho a crédito fiscal (P2);P2 · NC restan;SI
1;32;528;Notas de Crédito recibidas y Notas de Crédito emitidas por retención de cambio de sujeto;crédito, recuperación y reintegro;-;IMPUESTO AL VALOR AGREGADO D.L.825/74 > COMPRAS Y/O SERVICIOS UTILIZADOS > CON DERECHO A CRÉDITO FISCAL > INTERNAS;IVA D.L.825 · Con derecho a crédito fiscal (P2);P2 · NC restan;SI
1;33;531;Notas de Débito recibidas y Notas de Débito emitidas por retención de cambio de sujeto;cantidad de documentos;+;IMPUESTO AL VALOR AGREGADO D.L.825/74 > COMPRAS Y/O SERVICIOS UTILIZADOS > CON DERECHO A CRÉDITO FISCAL > INTERNAS;IVA D.L.825 · Con derecho a crédito fiscal (P2);P2 · ND suman;SI
1;33;532;Notas de Débito recibidas y Notas de Débito emitidas por retención de cambio de sujeto;crédito, recuperación y reintegro;+;IMPUESTO AL VALOR AGREGADO D.L.825/74 > COMPRAS Y/O SERVICIOS UTILIZADOS > CON DERECHO A CRÉDITO FISCAL > INTERNAS;IVA D.L.825 · Con derecho a crédito fiscal (P2);P2 · ND suman;SI
1;34;534;Declaraciones de Ingreso (DIN) importaciones del giro;cantidad de documentos;+;IMPUESTO AL VALOR AGREGADO D.L.825/74 > COMPRAS Y/O SERVICIOS UTILIZADOS > CON DERECHO A CRÉDITO FISCAL > IMPORTACIONES;IVA D.L.825 · Con derecho a crédito fiscal (P2);P2 · importaciones;SI
1;34;535;Declaraciones de Ingreso (DIN) importaciones del giro;crédito, recuperación y reintegro;+;IMPUESTO AL VALOR AGREGADO D.L.825/74 > COMPRAS Y/O SERVICIOS UTILIZADOS > CON DERECHO A CRÉDITO FISCAL > IMPORTACIONES;IVA D.L.825 · Con derecho a crédito fiscal (P2);P2 · importaciones;SI
1;35;536;Declaraciones de Ingreso (DIN) importaciones de activo fijo;cantidad de documentos;+;IMPUESTO AL VALOR AGREGADO D.L.825/74 > COMPRAS Y/O SERVICIOS UTILIZADOS > CON DERECHO A CRÉDITO FISCAL > IMPORTACIONES;IVA D.L.825 · Con derecho a crédito fiscal (P2);P2 · importaciones activo fijo;SI
1;35;553;Declaraciones de Ingreso (DIN) importaciones de activo fijo;crédito, recuperación y reintegro;+;IMPUESTO AL VALOR AGREGADO D.L.825/74 > COMPRAS Y/O SERVICIOS UTILIZADOS > CON DERECHO A CRÉDITO FISCAL > IMPORTACIONES;IVA D.L.825 · Con derecho a crédito fiscal (P2);P2 · importaciones activo fijo;SI
1;36;504;Remanente Crédito Fiscal mes anterior;crédito;+;IMPUESTO AL VALOR AGREGADO D.L.825/74 > COMPRAS Y/O SERVICIOS UTILIZADOS > CON DERECHO A CRÉDITO FISCAL;IVA D.L.825 · Con derecho a crédito fiscal (P2);"P3 · REMANENTE QUE ENTRA (de la propuesta F29; puede no estar => 0)";SI
1;37;593;Devolución Solicitud Art. 36 (Exportadores);crédito, recuperación y reintegro;-;IMPUESTO AL VALOR AGREGADO D.L.825/74 > COMPRAS Y/O SERVICIOS UTILIZADOS > CON DERECHO A CRÉDITO FISCAL;IVA D.L.825 · Con derecho a crédito fiscal (P2);caso especial · devoluciones/reintegros;SI
1;38;594;Devolución Solicitud Art. 27 bis (Activo fijo);crédito, recuperación y reintegro;-;IMPUESTO AL VALOR AGREGADO D.L.825/74 > COMPRAS Y/O SERVICIOS UTILIZADOS > CON DERECHO A CRÉDITO FISCAL;IVA D.L.825 · Con derecho a crédito fiscal (P2);caso especial · devoluciones/reintegros;SI
1;39;592;Certificado Imputación Art. 27 bis (Activo fijo);crédito, recuperación y reintegro;-;IMPUESTO AL VALOR AGREGADO D.L.825/74 > COMPRAS Y/O SERVICIOS UTILIZADOS > CON DERECHO A CRÉDITO FISCAL;IVA D.L.825 · Con derecho a crédito fiscal (P2);caso especial · devoluciones/reintegros;SI
1;40;539;Devolución Solicitud Art. 3º (Cambio de Sujeto);crédito, recuperación y reintegro;-;IMPUESTO AL VALOR AGREGADO D.L.825/74 > COMPRAS Y/O SERVICIOS UTILIZADOS > CON DERECHO A CRÉDITO FISCAL;IVA D.L.825 · Con derecho a crédito fiscal (P2);caso especial · devoluciones/reintegros;SI
1;41;718;Devolución Solicitud Ley Nº 20.258, por remanente CF IVA, originado en Impuesto específico Petroleo Diesel (Generadoras Eléctricas);crédito, recuperación y reintegro;-;IMPUESTO AL VALOR AGREGADO D.L.825/74 > COMPRAS Y/O SERVICIOS UTILIZADOS > CON DERECHO A CRÉDITO FISCAL;IVA D.L.825 · Con derecho a crédito fiscal (P2);caso especial · devoluciones/reintegros;SI
1;42;790;Devolución Solicitud Reembolso Remanente de Crédito Fiscal IVA;crédito, recuperación y reintegro;-;IMPUESTO AL VALOR AGREGADO D.L.825/74 > COMPRAS Y/O SERVICIOS UTILIZADOS > CON DERECHO A CRÉDITO FISCAL;IVA D.L.825 · Con derecho a crédito fiscal (P2);caso especial · devoluciones/reintegros;SI
1;43;164;Monto Reintegrado por Devolución Indebida de Crédito Fiscal D.S. 348 (Exportadores);crédito, recuperación y reintegro;+;IMPUESTO AL VALOR AGREGADO D.L.825/74 > COMPRAS Y/O SERVICIOS UTILIZADOS > CON DERECHO A CRÉDITO FISCAL;IVA D.L.825 · Con derecho a crédito fiscal (P2);caso especial · devoluciones/reintegros;SI
1;44;127;Recuperación de Impuesto Específico al Petróleo Diesel (Art. 7º Ley 18.502, Arts.1º y 3º D.S. Nº 311/86);M3 comprados con derecho;+;IMPUESTO AL VALOR AGREGADO D.L.825/74 > COMPRAS Y/O SERVICIOS UTILIZADOS > CON DERECHO A CRÉDITO FISCAL > LEY 20.765 > M3 COMPRADOS CON DERECHO A COMPONENTES DEL IMPUESTO;IVA D.L.825 · Con derecho a crédito fiscal (P2);caso especial · diésel;SI
1;44;730;Recuperación de Impuesto Específico al Petróleo Diesel (Art. 7º Ley 18.502, Arts.1º y 3º D.S. Nº 311/86);crédito;+;IMPUESTO AL VALOR AGREGADO D.L.825/74 > COMPRAS Y/O SERVICIOS UTILIZADOS > CON DERECHO A CRÉDITO FISCAL > LEY 20.765 > M3 COMPRADOS CON DERECHO A COMPONENTES DEL IMPUESTO;IVA D.L.825 · Con derecho a crédito fiscal (P2);caso especial · diésel;SI
1;44;742;Recuperación de Impuesto Específico al Petróleo Diesel (Art. 7º Ley 18.502, Arts.1º y 3º D.S. Nº 311/86);componente Base;+;IMPUESTO AL VALOR AGREGADO D.L.825/74 > COMPRAS Y/O SERVICIOS UTILIZADOS > CON DERECHO A CRÉDITO FISCAL > LEY 20.765 > M3 COMPRADOS CON DERECHO A COMPONENTES DEL IMPUESTO;IVA D.L.825 · Con derecho a crédito fiscal (P2);caso especial · diésel;SI
1;44;743;Recuperación de Impuesto Específico al Petróleo Diesel (Art. 7º Ley 18.502, Arts.1º y 3º D.S. Nº 311/86);componente Variable;+;IMPUESTO AL VALOR AGREGADO D.L.825/74 > COMPRAS Y/O SERVICIOS UTILIZADOS > CON DERECHO A CRÉDITO FISCAL > LEY 20.765 > M3 COMPRADOS CON DERECHO A COMPONENTES DEL IMPUESTO;IVA D.L.825 · Con derecho a crédito fiscal (P2);caso especial · diésel;SI
1;45;544;Recuperación Impuesto Específico Petróleo Diesel soportado por Transportistas de Carga (Art. 2º Ley Nº19.764);crédito;+;IMPUESTO AL VALOR AGREGADO D.L.825/74 > COMPRAS Y/O SERVICIOS UTILIZADOS > CON DERECHO A CRÉDITO FISCAL > LEY 20.765 > M3 COMPRADOS CON DERECHO A COMPONENTES DEL IMPUESTO;IVA D.L.825 · Con derecho a crédito fiscal (P2);caso especial · diésel transportistas;SI
1;45;729;Recuperación Impuesto Específico Petróleo Diesel soportado por Transportistas de Carga (Art. 2º Ley Nº19.764);M3 comprados con derecho;+;IMPUESTO AL VALOR AGREGADO D.L.825/74 > COMPRAS Y/O SERVICIOS UTILIZADOS > CON DERECHO A CRÉDITO FISCAL > LEY 20.765 > M3 COMPRADOS CON DERECHO A COMPONENTES DEL IMPUESTO;IVA D.L.825 · Con derecho a crédito fiscal (P2);caso especial · diésel transportistas;SI
1;45;744;Recuperación Impuesto Específico Petróleo Diesel soportado por Transportistas de Carga (Art. 2º Ley Nº19.764);componente Base;+;IMPUESTO AL VALOR AGREGADO D.L.825/74 > COMPRAS Y/O SERVICIOS UTILIZADOS > CON DERECHO A CRÉDITO FISCAL > LEY 20.765 > M3 COMPRADOS CON DERECHO A COMPONENTES DEL IMPUESTO;IVA D.L.825 · Con derecho a crédito fiscal (P2);caso especial · diésel transportistas;SI
1;45;745;Recuperación Impuesto Específico Petróleo Diesel soportado por Transportistas de Carga (Art. 2º Ley Nº19.764);componente Variable;+;IMPUESTO AL VALOR AGREGADO D.L.825/74 > COMPRAS Y/O SERVICIOS UTILIZADOS > CON DERECHO A CRÉDITO FISCAL > LEY 20.765 > M3 COMPRADOS CON DERECHO A COMPONENTES DEL IMPUESTO;IVA D.L.825 · Con derecho a crédito fiscal (P2);caso especial · diésel transportistas;SI
1;46;523;Crédito del Art.11º Ley 18.211 (correspondiente a Zona Franca de Extensión);crédito;+;IMPUESTO AL VALOR AGREGADO D.L.825/74 > COMPRAS Y/O SERVICIOS UTILIZADOS > CON DERECHO A CRÉDITO FISCAL;IVA D.L.825 · Con derecho a crédito fiscal (P2);caso especial;SI
1;47;712;Crédito por Impuesto de Timbres y Estampillas, Art. 3º Ley Nº 20.259;crédito;+;IMPUESTO AL VALOR AGREGADO D.L.825/74 > COMPRAS Y/O SERVICIOS UTILIZADOS > CON DERECHO A CRÉDITO FISCAL;IVA D.L.825 · Con derecho a crédito fiscal (P2);caso especial;SI
1;48;757;Crédito por IVA restituido a aportantes sin domicilio ni residencia en Chile (Art. 83, del artículo primero Ley 20.712);crédito;+;IMPUESTO AL VALOR AGREGADO D.L.825/74 > COMPRAS Y/O SERVICIOS UTILIZADOS > CON DERECHO A CRÉDITO FISCAL;IVA D.L.825 · Con derecho a crédito fiscal (P2);caso especial;SI
1;49;537;TOTAL CRÉDITOS;total;=;IMPUESTO AL VALOR AGREGADO D.L.825/74 > COMPRAS Y/O SERVICIOS UTILIZADOS > CON DERECHO A CRÉDITO FISCAL > TOTAL CRÉDITOS;IVA D.L.825 · Con derecho a crédito fiscal (P2);P2+P3 · TOTAL CRÉDITOS (casilla ancla);SI
2;50;77;Remanente de crédito fiscal para el período siguiente;remanente saliente;+;IVA DETERMINADO Y POSTERGACIÓN > POSTERGACIÓN DE IVA;IVA determinado y postergación;P4 · REMANENTE QUE SALE (si P4 <= 0);SI
2;50;89;IVA determinado;impuesto determinado;+;IVA DETERMINADO Y POSTERGACIÓN > POSTERGACIÓN DE IVA;IVA determinado y postergación;P4 · IVA DETERMINADO (si P4 > 0);SI
2;50;755;Postergación pago del IVA;postergación;;IVA DETERMINADO Y POSTERGACIÓN > POSTERGACIÓN DE IVA;IVA determinado y postergación;caso especial · postergación ⚠️ verificar pareo 755/756;SI
2;50;756;Postergación pago del IVA;postergación;;IVA DETERMINADO Y POSTERGACIÓN > POSTERGACIÓN DE IVA;IVA determinado y postergación;caso especial · postergación ⚠️ verificar pareo 755/756;SI
2;51;772;Saldo de IVA postergado en 12 cuotas (Ley 20.780 y 21.210);postergación;+;IVA DETERMINADO Y POSTERGACIÓN > POSTERGACIÓN DE IVA;IVA determinado y postergación;caso especial · postergación;NO
2;51;773;Saldo de IVA postergado en 12 cuotas (Ley 20.780 y 21.210);postergación;+;IVA DETERMINADO Y POSTERGACIÓN > POSTERGACIÓN DE IVA;IVA determinado y postergación;caso especial · postergación;NO
2;51;774;Saldo de IVA postergado en 12 cuotas (Ley 20.780 y 21.210);postergación;+;IVA DETERMINADO Y POSTERGACIÓN > POSTERGACIÓN DE IVA;IVA determinado y postergación;caso especial · postergación;NO
2;51;775;Saldo de IVA postergado en 12 cuotas (Ley 20.780 y 21.210);postergación;+;IVA DETERMINADO Y POSTERGACIÓN > POSTERGACIÓN DE IVA;IVA determinado y postergación;caso especial · postergación;NO
2;52;777;Postergación de IVA (monto cód. 89 / cuotas, cuota cód. 780);postergación;+;IVA DETERMINADO Y POSTERGACIÓN > POSTERGACIÓN DE IVA;IVA determinado y postergación;caso especial · postergación;NO
2;52;778;Postergación de IVA (monto cód. 89 / cuotas, cuota cód. 780);postergación;+;IVA DETERMINADO Y POSTERGACIÓN > POSTERGACIÓN DE IVA;IVA determinado y postergación;caso especial · postergación;NO
2;52;779;Postergación de IVA (monto cód. 89 / cuotas, cuota cód. 780);postergación;+;IVA DETERMINADO Y POSTERGACIÓN > POSTERGACIÓN DE IVA;IVA determinado y postergación;caso especial · postergación;NO
2;52;780;Postergación de IVA (monto cód. 89 / cuotas, cuota cód. 780);postergación;+;IVA DETERMINADO Y POSTERGACIÓN > POSTERGACIÓN DE IVA;IVA determinado y postergación;caso especial · postergación;SI
2;52;792;Postergación de IVA (monto cód. 89 / cuotas, cuota cód. 780);postergación;+;IVA DETERMINADO Y POSTERGACIÓN > POSTERGACIÓN DE IVA;IVA determinado y postergación;caso especial · postergación;NO
2;52;793;Postergación de IVA (monto cód. 89 / cuotas, cuota cód. 780);postergación;+;IVA DETERMINADO Y POSTERGACIÓN > POSTERGACIÓN DE IVA;IVA determinado y postergación;caso especial · postergación;NO
2;53;782;Postergación de IVA (Ley 20.780/21.210, cuota cód. 783);postergación;+;IVA DETERMINADO Y POSTERGACIÓN > POSTERGACIÓN DE IVA;IVA determinado y postergación;caso especial · postergación;NO
2;53;783;Postergación de IVA (Ley 20.780/21.210, cuota cód. 783);postergación;+;IVA DETERMINADO Y POSTERGACIÓN > POSTERGACIÓN DE IVA;IVA determinado y postergación;caso especial · postergación;NO
2;53;794;Postergación de IVA (Ley 20.780/21.210, cuota cód. 783);postergación;+;IVA DETERMINADO Y POSTERGACIÓN > POSTERGACIÓN DE IVA;IVA determinado y postergación;caso especial · postergación;NO
2;53;796;Postergación de IVA (Ley 20.780/21.210, cuota cód. 783);postergación;+;IVA DETERMINADO Y POSTERGACIÓN > POSTERGACIÓN DE IVA;IVA determinado y postergación;caso especial · postergación;NO
2;53;797;Postergación de IVA (Ley 20.780/21.210, cuota cód. 783);postergación;+;IVA DETERMINADO Y POSTERGACIÓN > POSTERGACIÓN DE IVA;IVA determinado y postergación;caso especial · postergación;NO
2;54;784;Postergación de IVA en 12 cuotas (Ley 21.207, cuota cód. 785);postergación;+;IVA DETERMINADO Y POSTERGACIÓN > POSTERGACIÓN DE IVA;IVA determinado y postergación;caso especial · postergación;NO
2;54;785;Postergación de IVA en 12 cuotas (Ley 21.207, cuota cód. 785);postergación;+;IVA DETERMINADO Y POSTERGACIÓN > POSTERGACIÓN DE IVA;IVA determinado y postergación;caso especial · postergación;NO
2;54;798;Postergación de IVA en 12 cuotas (Ley 21.207, cuota cód. 785);postergación;+;IVA DETERMINADO Y POSTERGACIÓN > POSTERGACIÓN DE IVA;IVA determinado y postergación;caso especial · postergación;NO
2;54;799;Postergación de IVA en 12 cuotas (Ley 21.207, cuota cód. 785);postergación;+;IVA DETERMINADO Y POSTERGACIÓN > POSTERGACIÓN DE IVA;IVA determinado y postergación;caso especial · postergación;NO
2;55;786;Postergación de IVA (DIN, cuota cód. 787);postergación;+;IVA DETERMINADO Y POSTERGACIÓN > POSTERGACIÓN DE IVA;IVA determinado y postergación;caso especial · postergación;NO
2;55;787;Postergación de IVA (DIN, cuota cód. 787);postergación;+;IVA DETERMINADO Y POSTERGACIÓN > POSTERGACIÓN DE IVA;IVA determinado y postergación;caso especial · postergación;NO
2;55;800;Postergación de IVA (DIN, cuota cód. 787);postergación;+;IVA DETERMINADO Y POSTERGACIÓN > POSTERGACIÓN DE IVA;IVA determinado y postergación;caso especial · postergación;NO
2;55;801;Postergación de IVA (DIN, cuota cód. 787);postergación;+;IVA DETERMINADO Y POSTERGACIÓN > POSTERGACIÓN DE IVA;IVA determinado y postergación;caso especial · postergación;NO
2;55;802;Postergación de IVA (DIN, cuota cód. 787);postergación;+;IVA DETERMINADO Y POSTERGACIÓN > POSTERGACIÓN DE IVA;IVA determinado y postergación;caso especial · postergación;NO
2;56;788;Postergación de IVA (Tributación Simplificada, cuota cód. 789);postergación;+;IVA DETERMINADO Y POSTERGACIÓN > POSTERGACIÓN DE IVA;IVA determinado y postergación;caso especial · postergación;NO
2;56;789;Postergación de IVA (Tributación Simplificada, cuota cód. 789);postergación;+;IVA DETERMINADO Y POSTERGACIÓN > POSTERGACIÓN DE IVA;IVA determinado y postergación;caso especial · postergación;NO
2;56;803;Postergación de IVA (Tributación Simplificada, cuota cód. 789);postergación;+;IVA DETERMINADO Y POSTERGACIÓN > POSTERGACIÓN DE IVA;IVA determinado y postergación;caso especial · postergación;NO
2;56;804;Postergación de IVA (Tributación Simplificada, cuota cód. 789);postergación;+;IVA DETERMINADO Y POSTERGACIÓN > POSTERGACIÓN DE IVA;IVA determinado y postergación;caso especial · postergación;NO
2;56;805;Postergación de IVA (Tributación Simplificada, cuota cód. 789);postergación;+;IVA DETERMINADO Y POSTERGACIÓN > POSTERGACIÓN DE IVA;IVA determinado y postergación;caso especial · postergación;NO
2;57;760;Restitución de devolución por concepto de Art. 27 ter D.L. 825, de 1974, inc. 2º (Ley Nº 20.720);monto;+;IVA DETERMINADO Y POSTERGACIÓN > POSTERGACIÓN DE IVA;IVA determinado y postergación;caso especial · 27 ter;SI
2;58;767;Certificado Imputación Art. 27 ter D.L. 825, de 1974, inc. 1º (Ley Nº 20.720);monto;-;IVA DETERMINADO Y POSTERGACIÓN > POSTERGACIÓN DE IVA;IVA determinado y postergación;caso especial · 27 ter;SI
2;59;50;Certificado Imputación Art. 27 ter D.L. 825, de 1974, inc. 1º (Ley Nº 20.720) ⚠️ glosa idéntica a L58 en el PDF;monto;+;IVA DETERMINADO Y POSTERGACIÓN > IMPUESTO A LA RENTA D.L. 824/74 > RETENCIONES;Renta D.L.824 · Retenciones (P5);⚠️ verificar glosa/código con Carlos;SI
2;60;48;Retención Impuesto Único a los Trabajadores, según Art. 74 Nº 1 LIR — Impuesto Único 2da. Categoría a Pagar;impuesto a pagar;+;IVA DETERMINADO Y POSTERGACIÓN > IMPUESTO A LA RENTA D.L. 824/74 > RETENCIONES;Renta D.L.824 · Retenciones (P5);P5 · IMPUESTO ÚNICO (dato de Notion RRHH);SI
2;60;735;Retención Impuesto Único a los Trabajadores — Donación Art. 8° Ley 18.984/2013;donación;;IVA DETERMINADO Y POSTERGACIÓN > IMPUESTO A LA RENTA D.L. 824/74 > RETENCIONES;Renta D.L.824 · Retenciones (P5);caso especial · donaciones;SI
2;60;751;Retención Impuesto Único a los Trabajadores — Créditos;créditos;;IVA DETERMINADO Y POSTERGACIÓN > IMPUESTO A LA RENTA D.L. 824/74 > RETENCIONES;Renta D.L.824 · Retenciones (P5);P5 · imp. único (crédito asociado);SI
2;61;151;Retención de Impuesto con tasa del 11.5% sobre las rentas del Art. 42 Nº2, según Art. 74 Nº2 LIR;impuesto determinado;+;IVA DETERMINADO Y POSTERGACIÓN > IMPUESTO A LA RENTA D.L. 824/74 > RETENCIONES;Renta D.L.824 · Retenciones (P5);P5 · RETENCIÓN HONORARIOS (informe anual boletas: «Retención de terceros»);SI
2;62;153;Retención de Impuesto con tasa del 10% sobre las rentas del Art. 48, según Art. 74 N° 3 LIR;impuesto determinado;+;IVA DETERMINADO Y POSTERGACIÓN > IMPUESTO A LA RENTA D.L. 824/74 > RETENCIONES;Renta D.L.824 · Retenciones (P5);caso especial · retención;SI
2;63;49;Retención sobre rentas del Art. 42 N°1 LIR con tasa del 3%, por reintegro del préstamo tasa 0%, según art. 9° letra a) Ley N° 21.252;impuesto determinado;+;IVA DETERMINADO Y POSTERGACIÓN > IMPUESTO A LA RENTA D.L. 824/74 > RETENCIONES;Renta D.L.824 · Retenciones (P5);caso especial · retención;SI
2;64;155;Retención sobre rentas del Art. 42 N°2 LIR con tasa del 3%, por reintegro del préstamo tasa 0%, según art. 7° Ley N° 21.242 y art. 9° letra b) Ley N° 21.252;impuesto determinado;+;IVA DETERMINADO Y POSTERGACIÓN > IMPUESTO A LA RENTA D.L. 824/74 > RETENCIONES;Renta D.L.824 · Retenciones (P5);caso especial · retención;SI
2;65;54;Retención a Suplementeros, según Art. 74 N°5 (tasa 0,5%) LIR;impuesto determinado;+;IVA DETERMINADO Y POSTERGACIÓN > IMPUESTO A LA RENTA D.L. 824/74 > RETENCIONES;Renta D.L.824 · Retenciones (P5);caso especial · retención;SI
2;66;56;Retención por compra de productos mineros, según Art. 74 N° 6 LIR;impuesto determinado;+;IVA DETERMINADO Y POSTERGACIÓN > IMPUESTO A LA RENTA D.L. 824/74 > RETENCIONES;Renta D.L.824 · Retenciones (P5);caso especial · retención;SI
2;67;588;Retención sobre rescates y otras cantidades pagadas en cumplimiento de seguros dotales y seguros de vida con ahorro del N° 3 del artículo 17 de la LIR (tasa 15%);impuesto determinado;+;IVA DETERMINADO Y POSTERGACIÓN > IMPUESTO A LA RENTA D.L. 824/74 > RETENCIONES;Renta D.L.824 · Retenciones (P5);caso especial · retención;SI
2;68;589;Retención sobre retiros de Ahorro Previsional Voluntario del Art. 42 bis LIR (tasa 15%);impuesto determinado;+;IMPUESTO A LA RENTA D.L. 824/74 > PPM (PAGO PROVISIONAL MENSUAL);Renta D.L.824 · Retenciones (P5);caso especial · retención;SI
2;69;30;PPM 1ra Categoría — Monto Pérdida Art. 90;monto pérdida;;IMPUESTO A LA RENTA D.L. 824/74 > PPM (PAGO PROVISIONAL MENSUAL);Renta D.L.824 · PPM (P5);P5 · PPM (si hay pérdida);SI
2;69;62;PPM 1ra Categoría — PPM Neto Determinado;PPM NETO DETERMINADO;+;IMPUESTO A LA RENTA D.L. 824/74 > PPM (PAGO PROVISIONAL MENSUAL);Renta D.L.824 · PPM (P5);P5 · PPM = BI × TASA (casilla ancla);SI
2;69;68;PPM 1ra Categoría — Crédito/Tope · Suspensión PPM (Arts. 1° bis Leyes 19.420 y 19.606);crédito/suspensión;;IMPUESTO A LA RENTA D.L. 824/74 > PPM (PAGO PROVISIONAL MENSUAL);Renta D.L.824 · PPM (P5);P5 · PPM (si aplica);SI
2;69;115;PPM 1ra Categoría — Tasa;TASA;;IMPUESTO A LA RENTA D.L. 824/74 > PPM (PAGO PROVISIONAL MENSUAL);Renta D.L.824 · PPM (P5);P5 · TASA DEL PPM (por contribuyente, de la propuesta);SI
2;69;563;PPM 1ra Categoría — Base Imponible;BASE IMPONIBLE;;IMPUESTO A LA RENTA D.L. 824/74 > PPM (PAGO PROVISIONAL MENSUAL);Renta D.L.824 · PPM (P5);P5 · BI DEL PPM (= Σ Monto Neto + Monto Exento de VENTA);SI
2;69;750;1ra Categoría Art. 84 a) y 14 D N° 3 letra (k) y 8 letra (a) numeral (viii);(sub-casilla izquierda) ⚠️ verificar columna;;IMPUESTO A LA RENTA D.L. 824/74 > PPM (PAGO PROVISIONAL MENSUAL);Renta D.L.824 · PPM (P5);P5 · PPM ⚠️ verificar;SI
2;70;156;1ra Categoría. Art. 84 letra a) ... con tasa 3%, por reintegro de préstamo tasa 0%, según art. 9° letra c) Ley N° 21.252;impuesto/PPM determinado;+;IMPUESTO A LA RENTA D.L. 824/74 > PPM (PAGO PROVISIONAL MENSUAL);Renta D.L.824 · PPM (P5);caso especial;SI
2;71;120;Mineros, Art.84 a);(multi-columna);+;IMPUESTO A LA RENTA D.L. 824/74 > PPM (PAGO PROVISIONAL MENSUAL);Renta D.L.824 · PPM (P5);caso especial · mineros;SI
2;71;122;Mineros, Art.84 a);(multi-columna);+;IMPUESTO A LA RENTA D.L. 824/74 > PPM (PAGO PROVISIONAL MENSUAL);Renta D.L.824 · PPM (P5);caso especial · mineros;SI
2;71;123;Mineros, Art.84 a);(multi-columna);+;IMPUESTO A LA RENTA D.L. 824/74 > PPM (PAGO PROVISIONAL MENSUAL);Renta D.L.824 · PPM (P5);caso especial · mineros;SI
2;71;542;Mineros, Art.84 a);(multi-columna);+;IMPUESTO A LA RENTA D.L. 824/74 > PPM (PAGO PROVISIONAL MENSUAL);Renta D.L.824 · PPM (P5);caso especial · mineros;NO
2;71;565;Mineros, Art.84 a);(multi-columna);+;IMPUESTO A LA RENTA D.L. 824/74 > PPM (PAGO PROVISIONAL MENSUAL);Renta D.L.824 · PPM (P5);caso especial · mineros;NO
2;72;700;Explotador Minero Art. 84 h);(multi-columna);+;IMPUESTO A LA RENTA D.L. 824/74 > PPM (PAGO PROVISIONAL MENSUAL);Renta D.L.824 · PPM (P5);caso especial · mineros;SI
2;72;701;Explotador Minero Art. 84 h);(multi-columna);+;IMPUESTO A LA RENTA D.L. 824/74 > PPM (PAGO PROVISIONAL MENSUAL);Renta D.L.824 · PPM (P5);caso especial · mineros;SI
2;72;702;Explotador Minero Art. 84 h);(multi-columna);+;IMPUESTO A LA RENTA D.L. 824/74 > PPM (PAGO PROVISIONAL MENSUAL);Renta D.L.824 · PPM (P5);caso especial · mineros;SI
2;72;703;Explotador Minero Art. 84 h);(multi-columna);+;IMPUESTO A LA RENTA D.L. 824/74 > PPM (PAGO PROVISIONAL MENSUAL);Renta D.L.824 · PPM (P5);caso especial · mineros;SI
2;72;711;Explotador Minero Art. 84 h);(multi-columna);+;IMPUESTO A LA RENTA D.L. 824/74 > PPM (PAGO PROVISIONAL MENSUAL);Renta D.L.824 · PPM (P5);caso especial · mineros;SI
2;73;806;Explotador Minero Royalty Ley 21.591;(multi-columna);+;IMPUESTO A LA RENTA D.L. 824/74 > PPM (PAGO PROVISIONAL MENSUAL);Renta D.L.824 · PPM (P5);caso especial · mineros;SI
2;73;807;Explotador Minero Royalty Ley 21.591;(multi-columna);+;IMPUESTO A LA RENTA D.L. 824/74 > PPM (PAGO PROVISIONAL MENSUAL);Renta D.L.824 · PPM (P5);caso especial · mineros;SI
2;73;808;Explotador Minero Royalty Ley 21.591;(multi-columna);+;IMPUESTO A LA RENTA D.L. 824/74 > PPM (PAGO PROVISIONAL MENSUAL);Renta D.L.824 · PPM (P5);caso especial · mineros;SI
2;73;809;Explotador Minero Royalty Ley 21.591;(multi-columna);+;IMPUESTO A LA RENTA D.L. 824/74 > PPM (PAGO PROVISIONAL MENSUAL);Renta D.L.824 · PPM (P5);caso especial · mineros;SI
2;73;810;Explotador Minero Royalty Ley 21.591;(multi-columna);+;IMPUESTO A LA RENTA D.L. 824/74 > PPM (PAGO PROVISIONAL MENSUAL);Renta D.L.824 · PPM (P5);caso especial · mineros;SI
2;74;66;Transportistas acogidos a Renta Presunta, Art 84, e) y f) (tasa de 0,3%);impuesto/PPM determinado;+;IMPUESTO A LA RENTA D.L. 824/74 > PPM (PAGO PROVISIONAL MENSUAL);Renta D.L.824 · PPM (P5);caso especial · transportistas;SI
2;75;721;Crédito Capacitación, Ley 19.518/97;crédito del mes;-;IMPUESTO A LA RENTA D.L. 824/74 > PPM (PAGO PROVISIONAL MENSUAL);Renta D.L.824 · PPM (P5);caso especial · capacitación SENCE;SI
2;75;722;Crédito Capacitación, Ley 19.518/97;remanente mes anterior;-;IMPUESTO A LA RENTA D.L. 824/74 > PPM (PAGO PROVISIONAL MENSUAL);Renta D.L.824 · PPM (P5);caso especial · capacitación SENCE;SI
2;75;723;Crédito Capacitación, Ley 19.518/97;crédito a imputar;-;IMPUESTO A LA RENTA D.L. 824/74 > PPM (PAGO PROVISIONAL MENSUAL);Renta D.L.824 · PPM (P5);caso especial · capacitación SENCE;SI
2;75;724;Crédito Capacitación, Ley 19.518/97;remanente período siguiente;-;IMPUESTO A LA RENTA D.L. 824/74 > PPM (PAGO PROVISIONAL MENSUAL);Renta D.L.824 · PPM (P5);caso especial · capacitación SENCE;SI
2;76;152;2da. Categoría Art. 84, b) (tasa 11.5%);impuesto/PPM determinado;+;IMPUESTO A LA RENTA D.L. 824/74 > PPM (PAGO PROVISIONAL MENSUAL);Renta D.L.824 · PPM (P5);P5 · PPM profesionales (si el cliente es persona 2da cat.);SI
2;77;157;2da. Categoría. Art. 84 letra b) LIR con tasa 3%, por reintegro de préstamo tasa 0%, según art. 7° Ley N° 21.242 y art. 9° letra b) Ley N° 21.252;impuesto/PPM determinado;+;IMPUESTO A LA RENTA D.L. 824/74 > PPM (PAGO PROVISIONAL MENSUAL);Renta D.L.824 · PPM (P5);caso especial;SI
2;78;70;Taller artesanal Art.84, c) (tasa de 1,5% o 3%);impuesto/PPM determinado;+;IMPUESTO A LA RENTA D.L. 824/74 > PPM (PAGO PROVISIONAL MENSUAL);Renta D.L.824 · PPM (P5);caso especial;SI
2;79;776;Renta Líquida Provisional inciso final de la letra a) del art 84 de la LIR, Ley N° 21.210;monto;+;IMPUESTO A LA RENTA D.L. 824/74 > PPM (PAGO PROVISIONAL MENSUAL);Renta D.L.824 · PPM (P5);caso especial;NO
2;80;595;Sub total impuesto determinado anverso. (Suma de las líneas 49 a 64, columna Impuesto y/o PPM determinado);subtotal;=;IMPUESTO A LA RENTA D.L. 824/74 > IMPUESTO DETERMINADO;Renta D.L.824 · PPM (P5);P5 · SUBTOTAL OTROS IMPUESTOS (casilla ancla);SI
2;81;529;Ventas del período;monto;;IMPUESTO A LA RENTA D.L. 824/74;Tributación simplificada IVA Art. 29;caso especial · trib. simplificada;SI
2;82;530;Crédito del período;monto;;IMPUESTO A LA RENTA D.L. 824/74;Tributación simplificada IVA Art. 29;caso especial · trib. simplificada;SI
2;83;409;IVA determinado por concepto de Tributación Simplificada;impuesto determinado;+;IMPUESTO ADICIONAL ART. 37 D.L. 825 (SUMTUARIOS);Tributación simplificada IVA Art. 29;caso especial · trib. simplificada;SI
2;84;522;Letras e), h), i), l) (tasa 15%) — Ventas del período;monto;+;IMPUESTO ADICIONAL ART. 37 D.L. 825 (SUMTUARIOS);Impuesto Adicional Art. 37 D.L.825 (suntuarios);caso especial · Art. 37;SI
2;85;526;Letra j) (tasa 50%) — Ventas del período;monto;+;IMPUESTO ADICIONAL ART. 37 D.L. 825 (SUMTUARIOS);Impuesto Adicional Art. 37 D.L.825 (suntuarios);caso especial · Art. 37;SI
2;86;113;Débito de Impuesto Adicional Ventas Art. 37 letras a), b) y c) y Art. 40 D.L.825 (tasa 15%);monto;+;IMPUESTO ADICIONAL ART. 37 D.L. 825 (SUMTUARIOS);Impuesto Adicional Art. 37 D.L.825 (suntuarios);caso especial · Art. 37;SI
2;87;28;Crédito de Impuesto Adicional Art.37 letras a), b) y c) D.L. 825;monto;-;IMPUESTO ADICIONAL ART. 37 D.L. 825 (SUMTUARIOS);Impuesto Adicional Art. 37 D.L.825 (suntuarios);caso especial · Art. 37;SI
2;88;548;Monto reintegrado por devolución indebida de crédito por exportadores D.L. 825 ⚠️ verificar signo;monto;-;IMPUESTO ADICIONAL ART. 37 D.L. 825 (SUMTUARIOS);Impuesto Adicional Art. 37 D.L.825 (suntuarios);caso especial · Art. 37;SI
2;89;540;Remanente crédito Art. 37 mes anterior D.L.825;monto;-;IMPUESTO ADICIONAL ART. 37 D.L. 825 (SUMTUARIOS);Impuesto Adicional Art. 37 D.L.825 (suntuarios);caso especial · Art. 37;SI
2;90;541;Devolución Solicitud Art.36 relativa al Impuesto Adicional Art.37 letras a), b) y c) D.L. 825 ⚠️ verificar signo;monto;+;IMPUESTO ADICIONAL ART. 37 D.L. 825 (SUMTUARIOS);Impuesto Adicional Art. 37 D.L.825 (suntuarios);caso especial · Art. 37;SI
2;91;549;Remanente crédito impuesto Art.37 para período siguiente;remanente;+;IMPUESTO A LA RENTA D.L. 824/74 > RETENCIONES;Impuesto Adicional Art. 37 D.L.825 (suntuarios);caso especial · Art. 37;SI
2;91;550;Impuesto Adicional Art. 37 y Art. 40 determinado;impuesto determinado;+;IMPUESTO A LA RENTA D.L. 824/74 > RETENCIONES;Impuesto Adicional Art. 37 D.L.825 (suntuarios);caso especial · Art. 37;SI
3;92;577;Pisco, Licores, Whisky y Aguardiente (tasa 31,5%);débito;+;IMPUESTO A LA RENTA D.L. 824/74 > RETENCIONES;ILA · Impuesto Adicional Art. 42 D.L.825 (bebidas) — Débitos;caso especial · ILA (bebidas);SI
3;93;32;Vinos, Champaña, Chichas (tasa 20,5%);débito;+;IMPUESTO A LA RENTA D.L. 824/74 > RETENCIONES;ILA · Impuesto Adicional Art. 42 D.L.825 (bebidas) — Débitos;caso especial · ILA (bebidas);SI
3;94;150;Cervezas (tasa 20,5%);débito;+;IMPUESTO A LA RENTA D.L. 824/74 > RETENCIONES;ILA · Impuesto Adicional Art. 42 D.L.825 (bebidas) — Débitos;caso especial · ILA (bebidas);SI
3;95;146;Bebidas analcohólicas (tasa 10%);débito;+;IMPUESTO A LA RENTA D.L. 824/74 > RETENCIONES;ILA · Impuesto Adicional Art. 42 D.L.825 (bebidas) — Débitos;caso especial · ILA (bebidas);SI
3;96;752;Bebidas analcohólicas elevado contenido azúcares (tasa 18%);débito;+;IMPUESTO A LA RENTA D.L. 824/74 > RETENCIONES;ILA · Impuesto Adicional Art. 42 D.L.825 (bebidas) — Débitos;caso especial · ILA (bebidas);SI
3;97;545;Notas de Débito emitidas;débito;+;IMPUESTO A LA RENTA D.L. 824/74 > RETENCIONES > LEY 18.984/2013 Y 20.444/2010;ILA · Impuesto Adicional Art. 42 D.L.825 (bebidas) — Débitos;caso especial · ILA (bebidas);SI
3;98;546;Notas de Crédito emitidas por Facturas;débito;-;IMPUESTO A LA RENTA D.L. 824/74 > RETENCIONES > LEY 18.984/2013 Y 20.444/2010;ILA · Impuesto Adicional Art. 42 D.L.825 (bebidas) — Débitos;caso especial · ILA (bebidas);SI
3;99;710;Notas de Crédito emitidas por Vales de máquinas autorizadas por el Servicio;débito;-;IMPUESTO A LA RENTA D.L. 824/74 > RETENCIONES > LEY 18.984/2013 Y 20.444/2010;ILA · Impuesto Adicional Art. 42 D.L.825 (bebidas) — Débitos;caso especial · ILA (bebidas);SI
3;100;602;Total Débitos Art. 42 DL 825;total;=;IMPUESTO A LA RENTA D.L. 824/74 > RETENCIONES > LEY 18.984/2013 Y 20.444/2010;ILA · Impuesto Adicional Art. 42 D.L.825 (bebidas) — Débitos;caso especial · ILA;SI
3;101;575;Pisco, Licores, Whisky y Aguardiente (tasa 31,5%);total crédito recargado en facturas recibidas;+;IMPUESTO A LA RENTA D.L. 824/74 > RETENCIONES > LEY 18.984/2013 Y 20.444/2010;ILA Art. 42 — Créditos;caso especial · ILA;SI
3;101;576;Pisco, Licores, Whisky y Aguardiente (tasa 31,5%);crédito imputable del período;+;IMPUESTO A LA RENTA D.L. 824/74 > RETENCIONES > LEY 18.984/2013 Y 20.444/2010;ILA Art. 42 — Créditos;caso especial · ILA;SI
3;102;33;Vinos, Champaña, Chichas (tasa 20,5%);crédito imputable del período;+;IMPUESTO A LA RENTA D.L. 824/74 > RETENCIONES > LEY 18.984/2013 Y 20.444/2010;ILA Art. 42 — Créditos;caso especial · ILA;SI
3;102;574;Vinos, Champaña, Chichas (tasa 20,5%);total crédito recargado en facturas recibidas;+;IMPUESTO A LA RENTA D.L. 824/74 > RETENCIONES > LEY 18.984/2013 Y 20.444/2010;ILA Art. 42 — Créditos;caso especial · ILA;SI
3;103;149;Cervezas (tasa 20,5%);crédito imputable del período;+;IMPUESTO A LA RENTA D.L. 824/74 > RETENCIONES > LEY 18.984/2013 Y 20.444/2010;ILA Art. 42 — Créditos;caso especial · ILA;SI
3;103;580;Cervezas (tasa 20,5%);total crédito recargado en facturas recibidas;+;IMPUESTO A LA RENTA D.L. 824/74 > RETENCIONES > LEY 18.984/2013 Y 20.444/2010;ILA Art. 42 — Créditos;caso especial · ILA;SI
3;104;85;Bebidas analcohólicas (tasa 10%);crédito imputable del período;+;IMPUESTO A LA RENTA D.L. 824/74 > RETENCIONES > LEY 18.984/2013 Y 20.444/2010;ILA Art. 42 — Créditos;caso especial · ILA;SI
3;104;582;Bebidas analcohólicas (tasa 10%);total crédito recargado en facturas recibidas;+;IMPUESTO A LA RENTA D.L. 824/74 > RETENCIONES > LEY 18.984/2013 Y 20.444/2010;ILA Art. 42 — Créditos;caso especial · ILA;SI
3;105;753;Bebidas analcohólicas elevado contenido azúcares (tasa 18%);total crédito recargado en facturas recibidas;+;IMPUESTO A LA RENTA D.L. 824/74 > RETENCIONES > LEY 18.984/2013 Y 20.444/2010;ILA Art. 42 — Créditos;caso especial · ILA;SI
3;105;754;Bebidas analcohólicas elevado contenido azúcares (tasa 18%);crédito imputable del período;+;IMPUESTO A LA RENTA D.L. 824/74 > RETENCIONES > LEY 18.984/2013 Y 20.444/2010;ILA Art. 42 — Créditos;caso especial · ILA;SI
3;106;551;Notas de Débito recibidas;crédito;+;SISTEMA DE TRIBUTACIÓN SIMPLIFICADA DEL IVA, ART. 29 D.L 825;ILA Art. 42 — Créditos;caso especial · ILA;SI
3;107;559;Notas de Crédito recibidas;crédito;-;SISTEMA DE TRIBUTACIÓN SIMPLIFICADA DEL IVA, ART. 29 D.L 825;ILA Art. 42 — Créditos;caso especial · ILA;SI
3;108;508;Remanente crédito Art.42 mes anterior;crédito;+;SISTEMA DE TRIBUTACIÓN SIMPLIFICADA DEL IVA, ART. 29 D.L 825;ILA Art. 42 — Créditos;caso especial · ILA;SI
3;109;533;Devolución Art. 36 D.L.825 relativas impuesto Art.42;crédito;-;SISTEMA DE TRIBUTACIÓN SIMPLIFICADA DEL IVA, ART. 29 D.L 825;ILA Art. 42 — Créditos;caso especial · ILA;SI
3;110;552;Monto reintegrado devoluciones indebidas de crédito por exportaciones;crédito;+;SISTEMA DE TRIBUTACIÓN SIMPLIFICADA DEL IVA, ART. 29 D.L 825;ILA Art. 42 — Créditos;caso especial · ILA;SI
3;111;603;Total créditos Art.42 DL 825;total;=;SISTEMA DE TRIBUTACIÓN SIMPLIFICADA DEL IVA, ART. 29 D.L 825;ILA Art. 42 — Créditos;caso especial · ILA;SI
3;112;506;Impuesto Adicional Art.42 determinado;impuesto determinado;+;CAMBIO ESPECIAL DE SUJETO (Inciso 7°, Art. 3° D.L. 825);ILA Art. 42 — Créditos;caso especial · ILA;SI
3;112;507;Remanente crédito Imp. Adic. Art.42 para período siguiente;remanente;+;CAMBIO ESPECIAL DE SUJETO (Inciso 7°, Art. 3° D.L. 825);ILA Art. 42 — Créditos;caso especial · ILA;SI
3;113;556;IVA anticipado del período (Anticipo, contribuyentes retenidos);monto;+;CAMBIO ESPECIAL DE SUJETO (Inciso 7°, Art. 3° D.L. 825);Cambio de sujeto D.L.825;caso especial · cambio de sujeto (retenido);SI
3;114;557;Remanente del mes anterior;monto;+;CAMBIO ESPECIAL DE SUJETO (Inciso 7°, Art. 3° D.L. 825);Cambio de sujeto D.L.825;caso especial · cambio de sujeto (retenido);SI
3;115;558;Devolución del mes anterior;monto;-;CAMBIO ESPECIAL DE SUJETO (Inciso 7°, Art. 3° D.L. 825);Cambio de sujeto D.L.825;caso especial · cambio de sujeto (retenido);SI
3;116;543;Total de Anticipo;total;=;CAMBIO ESPECIAL DE SUJETO (Inciso 7°, Art. 3° D.L. 825);Cambio de sujeto D.L.825;caso especial · cambio de sujeto (retenido);SI
3;117;573;Remanente Anticipos Cambio Sujeto para período siguiente;remanente;-;CAMBIO DE SUJETO D.L. 825 > CAMBIO DE SUJETO (AGENTE RETENEDOR);Cambio de sujeto D.L.825;caso especial · cambio de sujeto;SI
3;117;598;Anticipo a imputar;monto;-;CAMBIO DE SUJETO D.L. 825 > CAMBIO DE SUJETO (AGENTE RETENEDOR);Cambio de sujeto D.L.825;caso especial · cambio de sujeto;SI
3;118;39;IVA total retenido a terceros (tasa Art. 14 DL 825);monto;+;CAMBIO DE SUJETO D.L. 825 > CAMBIO DE SUJETO (AGENTE RETENEDOR);Cambio de sujeto D.L.825;caso especial · agente retenedor;SI
3;119;554;IVA parcial retenido a terceros (según tasa);monto;+;CAMBIO DE SUJETO D.L. 825 > CAMBIO DE SUJETO (AGENTE RETENEDOR);Cambio de sujeto D.L.825;caso especial · agente retenedor;SI
3;120;736;IVA Retenido por notas de crédito emitidas;monto;-;CAMBIO DE SUJETO D.L. 825 > CAMBIO DE SUJETO (AGENTE RETENEDOR);Cambio de sujeto D.L.825;caso especial · agente retenedor;SI
3;121;597;Retención de margen de comercialización;monto;+;CAMBIO DE SUJETO D.L. 825 > CAMBIO DE SUJETO (AGENTE RETENEDOR);Cambio de sujeto D.L.825;caso especial · agente retenedor;SI
3;122;555;Retención Anticipo de Cambio de Sujeto;retención anticipo;+;CAMBIO DE SUJETO D.L. 825 > CAMBIO DE SUJETO (AGENTE RETENEDOR);Cambio de sujeto D.L.825;caso especial · agente retenedor;SI
3;122;596;Retención Cambio de Sujeto;retención;+;CAMBIO DE SUJETO D.L. 825 > CAMBIO DE SUJETO (AGENTE RETENEDOR);Cambio de sujeto D.L.825;caso especial · agente retenedor;SI
3;123;100;IVA retenido a terceros con retención total en el período (inciso 7° del Art. 3° del D.L. 825);monto;+;CAMBIO DE SUJETO D.L. 825 > CAMBIO DE SUJETO (AGENTE RETENEDOR);Cambio ESPECIAL de sujeto (inciso 7°, Art. 3° D.L.825);caso especial · cambio especial de sujeto;SI
3;124;101;Ajustes por concepto de IVA asociado a reversiones y contracargos (disputas) solucionadas en el período;monto;-;CAMBIO DE SUJETO D.L. 825 > ANTICIPO CAMBIO DE SUJETO (CONTRIBUYENTES RETENIDOS);Cambio ESPECIAL de sujeto (inciso 7°, Art. 3° D.L.825);caso especial · cambio especial de sujeto;SI
3;125;102;Valor nominal del remanente de ajuste (código 104 del período anterior);monto;-;CAMBIO DE SUJETO D.L. 825 > ANTICIPO CAMBIO DE SUJETO (CONTRIBUYENTES RETENIDOS);Cambio ESPECIAL de sujeto (inciso 7°, Art. 3° D.L.825);caso especial · cambio especial de sujeto;SI
3;126;103;Monto neto de IVA retenido en el período;monto;=;CAMBIO DE SUJETO D.L. 825 > ANTICIPO CAMBIO DE SUJETO (CONTRIBUYENTES RETENIDOS);Cambio ESPECIAL de sujeto (inciso 7°, Art. 3° D.L.825);caso especial · cambio especial de sujeto;SI
3;127;104;Remanente de ajuste para el próximo período;monto;=;CAMBIO DE SUJETO D.L. 825 > ANTICIPO CAMBIO DE SUJETO (CONTRIBUYENTES RETENIDOS);Cambio ESPECIAL de sujeto (inciso 7°, Art. 3° D.L.825);caso especial · cambio especial de sujeto;SI
3;128;725;Crédito por Sistemas Solares Térmicos, Ley 20.365;crédito del período;-;IMPUESTO ADICIONAL ART. 42 D.L. 825 (BEBIDAS ALCOHÓLICAS Y ANALCOHÓLICAS);Créditos especiales;caso especial · créditos especiales;SI
3;128;727;Crédito por Sistemas Solares Térmicos, Ley 20.365;total crédito;-;IMPUESTO ADICIONAL ART. 42 D.L. 825 (BEBIDAS ALCOHÓLICAS Y ANALCOHÓLICAS);Créditos especiales;caso especial · créditos especiales;SI
3;128;737;Crédito por Sistemas Solares Térmicos, Ley 20.365;remanente mes anterior;-;IMPUESTO ADICIONAL ART. 42 D.L. 825 (BEBIDAS ALCOHÓLICAS Y ANALCOHÓLICAS);Créditos especiales;caso especial · créditos especiales;SI
3;129;704;Imputación del Pago Patente Aguas Ley 20.017;crédito del período;-;IMPUESTO ADICIONAL ART. 42 D.L. 825 (BEBIDAS ALCOHÓLICAS Y ANALCOHÓLICAS);Créditos especiales;caso especial · créditos especiales;SI
3;129;705;Imputación del Pago Patente Aguas Ley 20.017;remanente mes anterior;-;IMPUESTO ADICIONAL ART. 42 D.L. 825 (BEBIDAS ALCOHÓLICAS Y ANALCOHÓLICAS);Créditos especiales;caso especial · créditos especiales;SI
3;129;706;Imputación del Pago Patente Aguas Ley 20.017;total crédito;-;IMPUESTO ADICIONAL ART. 42 D.L. 825 (BEBIDAS ALCOHÓLICAS Y ANALCOHÓLICAS);Créditos especiales;caso especial · créditos especiales;SI
3;130;160;Cotización Adicional Ley 18.566;crédito del período;-;IMPUESTO ADICIONAL ART. 42 D.L. 825 (BEBIDAS ALCOHÓLICAS Y ANALCOHÓLICAS);Créditos especiales;caso especial · créditos especiales;SI
3;130;161;Cotización Adicional Ley 18.566;remanente mes anterior;-;IMPUESTO ADICIONAL ART. 42 D.L. 825 (BEBIDAS ALCOHÓLICAS Y ANALCOHÓLICAS);Créditos especiales;caso especial · créditos especiales;SI
3;130;570;Cotización Adicional Ley 18.566;total crédito;-;IMPUESTO ADICIONAL ART. 42 D.L. 825 (BEBIDAS ALCOHÓLICAS Y ANALCOHÓLICAS);Créditos especiales;caso especial · créditos especiales;SI
3;131;126;Crédito Especial Empresas Constructoras;crédito del período;-;IMPUESTO ADICIONAL ART. 42 D.L. 825 (BEBIDAS ALCOHÓLICAS Y ANALCOHÓLICAS);Créditos especiales;caso especial · créditos especiales;SI
3;131;128;Crédito Especial Empresas Constructoras;remanente mes anterior;-;IMPUESTO ADICIONAL ART. 42 D.L. 825 (BEBIDAS ALCOHÓLICAS Y ANALCOHÓLICAS);Créditos especiales;caso especial · créditos especiales;SI
3;131;571;Crédito Especial Empresas Constructoras;total crédito;-;IMPUESTO ADICIONAL ART. 42 D.L. 825 (BEBIDAS ALCOHÓLICAS Y ANALCOHÓLICAS);Créditos especiales;caso especial · créditos especiales;SI
3;132;568;Recup. Peajes Transportistas Pasajeros, Ley 19.764;remanente mes anterior;-;IMPUESTO ADICIONAL ART. 42 D.L. 825 (BEBIDAS ALCOHÓLICAS Y ANALCOHÓLICAS);Créditos especiales;caso especial · créditos especiales;SI
3;132;572;Recup. Peajes Transportistas Pasajeros, Ley 19.764;crédito del período;-;IMPUESTO ADICIONAL ART. 42 D.L. 825 (BEBIDAS ALCOHÓLICAS Y ANALCOHÓLICAS);Créditos especiales;caso especial · créditos especiales;SI
3;132;590;Recup. Peajes Transportistas Pasajeros, Ley 19.764;total crédito;-;IMPUESTO ADICIONAL ART. 42 D.L. 825 (BEBIDAS ALCOHÓLICAS Y ANALCOHÓLICAS);Créditos especiales;caso especial · créditos especiales;SI
3;133;768;Crédito por desembolsos directos trazabilidad;crédito del período;-;IMPUESTO ADICIONAL ART. 42 D.L. 825 (BEBIDAS ALCOHÓLICAS Y ANALCOHÓLICAS);Créditos especiales;caso especial · créditos especiales;SI
3;133;769;Crédito por desembolsos directos trazabilidad;remanente mes anterior;-;IMPUESTO ADICIONAL ART. 42 D.L. 825 (BEBIDAS ALCOHÓLICAS Y ANALCOHÓLICAS);Créditos especiales;caso especial · créditos especiales;SI
3;133;770;Crédito por desembolsos directos trazabilidad;total crédito;-;IMPUESTO ADICIONAL ART. 42 D.L. 825 (BEBIDAS ALCOHÓLICAS Y ANALCOHÓLICAS);Créditos especiales;caso especial · créditos especiales;SI
3;134;547;TOTAL DETERMINADO;total;=;CRÉDITOS ESPECIALES Y REMANENTE CRÉDITOS ESPECIALES;Totales;P6 · total determinado (antes de remanentes especiales);SI
3;135;728;Remanente Crédito por Sistemas Solares Térmicos, Ley 20.365;remanente;;CRÉDITOS ESPECIALES Y REMANENTE CRÉDITOS ESPECIALES;Remanente créditos especiales (para período siguiente);caso especial · créditos especiales;SI
3;136;707;Remanente periodo siguiente Patente Aguas, Ley 20.017;remanente;;CRÉDITOS ESPECIALES Y REMANENTE CRÉDITOS ESPECIALES;Remanente créditos especiales (para período siguiente);caso especial · créditos especiales;SI
3;137;73;Remanente de Cotización Adicional Ley 18.566;remanente;;CRÉDITOS ESPECIALES Y REMANENTE CRÉDITOS ESPECIALES;Remanente créditos especiales (para período siguiente);caso especial · créditos especiales;SI
3;138;130;Remanente Crédito Especial Empresas Constructoras;remanente;;CRÉDITOS ESPECIALES Y REMANENTE CRÉDITOS ESPECIALES;Remanente créditos especiales (para período siguiente);caso especial · créditos especiales;SI
3;139;591;Remanente Recup. de Peajes Trans. Pasajeros Ley 19.764;remanente;;CRÉDITOS ESPECIALES Y REMANENTE CRÉDITOS ESPECIALES;Remanente créditos especiales (para período siguiente);caso especial · créditos especiales;SI
3;140;771;Remanente Crédito por desembolsos directos trazabilidad;remanente;;CRÉDITOS ESPECIALES Y REMANENTE CRÉDITOS ESPECIALES;Remanente créditos especiales (para período siguiente);caso especial · créditos especiales;SI
3;141;91;TOTAL A PAGAR EN PLAZO LEGAL;total;=;TOTALES FINALES;Totales finales;P6 · TOTAL A PAGAR EN PLAZO (casilla ancla);SI
3;142;92;Más IPC;recargo;+;TOTALES FINALES;Totales finales;P6 · recargo (solo fuera de plazo);SI
3;143;60;Condonación — Porcentaje;porcentaje;;TOTALES FINALES;Totales finales;caso especial · condonación;SI
3;143;93;Más Intereses y multas;recargo;+;TOTALES FINALES;Totales finales;P6 · recargo (solo fuera de plazo);NO
3;143;795;Condonación — Monto Condonación;monto;-;TOTALES FINALES;Totales finales;caso especial · condonación;NO
3;143;915;Condonación — Vigencia;fecha;;TOTALES FINALES;Totales finales;caso especial · condonación;NO
3;143;922;Condonación — Nº Resolución;identificador;;TOTALES FINALES;Totales finales;caso especial · condonación;NO
3;144;94;TOTAL A PAGAR CON RECARGO;total;=;TOTALES FINALES;Totales finales;P6 · total con recargo (fuera de plazo);SI
fuera_pdf;identificacion;6;Nombre de la calle o avenida del domicilio.;texto;;IDENTIFICACIÓN DEL CONTRIBUYENTE (ADICIONAL);Identificación del contribuyente (adicional);identificación · adicional;SI
fuera_pdf;identificacion;8;Nombre de la comuna.;texto;;IDENTIFICACIÓN DEL CONTRIBUYENTE (ADICIONAL);Identificación del contribuyente (adicional);identificación · adicional;SI
fuera_pdf;identificacion;9;Número de teléfono.;teléfono;;IDENTIFICACIÓN DEL CONTRIBUYENTE (ADICIONAL);Identificación del contribuyente (adicional);identificación · adicional;SI
fuera_pdf;identificacion;44;Domicilio postal.;texto;;IDENTIFICACIÓN DEL CONTRIBUYENTE (ADICIONAL);Identificación del contribuyente (adicional);identificación · adicional;SI
fuera_pdf;identificacion;53;Número de la región a la que pertenece. Para la Región Metropolitana es el 13.;número;;IDENTIFICACIÓN DEL CONTRIBUYENTE (ADICIONAL);Identificación del contribuyente (adicional);identificación · adicional;SI
fuera_pdf;identificacion;55;Dirección de correo electrónico (mail) o de referencia del mismo.;email;;IDENTIFICACIÓN DEL CONTRIBUYENTE (ADICIONAL);Identificación del contribuyente (adicional);identificación · adicional;SI
fuera_pdf;identificacion;313;Número de Rut del contador.;RUT;;IDENTIFICACIÓN DEL CONTRIBUYENTE (ADICIONAL);Identificación del contribuyente (adicional);identificación · adicional;SI
fuera_pdf;identificacion;314;Número de Rut del representante legal.;RUT;;IDENTIFICACIÓN DEL CONTRIBUYENTE (ADICIONAL);Identificación del contribuyente (adicional);identificación · adicional;SI
fuera_pdf;identificacion;601;Número del fax.;teléfono;;IDENTIFICACIÓN DEL CONTRIBUYENTE (ADICIONAL);Identificación del contribuyente (adicional);identificación · adicional;SI
fuera_pdf;identificacion;604;Número de teléfono celular.;teléfono;;IDENTIFICACIÓN DEL CONTRIBUYENTE (ADICIONAL);Identificación del contribuyente (adicional);identificación · adicional;SI
fuera_pdf;identificacion;610;Número del domicilio.;número;;IDENTIFICACIÓN DEL CONTRIBUYENTE (ADICIONAL);Identificación del contribuyente (adicional);identificación · adicional;SI
fuera_pdf;identificacion;611;Número del departamento del domicilio.;número;;IDENTIFICACIÓN DEL CONTRIBUYENTE (ADICIONAL);Identificación del contribuyente (adicional);identificación · adicional;SI
fuera_pdf;identificacion;612;Nombre de Villa o Población del domicilio.;texto;;IDENTIFICACIÓN DEL CONTRIBUYENTE (ADICIONAL);Identificación del contribuyente (adicional);identificación · adicional;SI
fuera_pdf;identificacion;613;Código de área del número de teléfono.;teléfono;;IDENTIFICACIÓN DEL CONTRIBUYENTE (ADICIONAL);Identificación del contribuyente (adicional);identificación · adicional;SI
fuera_pdf;identificacion;726;Comuna postal a la que pertenece.;texto;;IDENTIFICACIÓN DEL CONTRIBUYENTE (ADICIONAL);Identificación del contribuyente (adicional);identificación · adicional;SI
