TIPO DE IVA : AFECTO ;;;;;;;;;;
;;;;;;;;;;
ABRIL;;;;;;;;;;
Plazo de pago;miércoles, 20 de mayo de 2026;;;;MES ANTERIOR;CODIGO F29;;;;
;;;;; - ;62;PPM NETO DETERMINADO ;;;
Documentos Emitidos;N° de Doc; Monto IVA  ;;; - ;48;RET. IMP. ÚNICO TRABJ.;;;
Facturas de Venta;;;;; - ;151;RET. LEY 21.133 (HONORARIOS);;;
Comprobantes pago electronicos ;3; $462 ;;; 158.117 ;77;Remanente de credito fis.;;;
Nota de credito;;;;;;;SII F29 MONTO;;;
TOTAL IVA VENTAS;;; $462 ;;;;;;;
;;;;;;;;;;
Documentos Recibidos;N° de Doc; Monto IVA  ;;;;;;;;
Facturas de Compra;11; $260.143 ;;;PPM ;;;;;
Nota de Débito;;;;;NC;; $462 ;;;
Declaración de ingreso (DIN);;;;;;;;;;
TOTAL IVA RECUPERABLE;;; $-260.143 ;;;;;;;
Credito Remanente;;;;;;;;;;
Remanente IVA Credito, para siguiente periodo;;; $-158.117 ;;Exento ; 300.000 ; - ; 300.000 ;P;
;;;;;cant;1;;;;
Impuestos a pagar ;;;;;;;;;;
1) IVA POR PAGAR;( IVA VENTAS - IVA RECUPERABLE);; $-417.798 ;;;;;;;
;;;;;IVA;;;;;
Otros Impuestos y/o retenciones ;Base Imponible; Tasa ;;;NETO; - ; - ;P;;
2) PAGO PROVISIONAL MENSUAL ; $2.432 ;0,125%; $3 ;;BRUTO; - ;;;;
3) RETENCION BOLETA HONORARIOS;;14,50%; $- ;;;;;;;
4) Retenciòn Impuesto Unico ( Liquidaciones);;; $- ;;Total creditos; $-418.260 ;;;;
;;;;;;;;;;
(1 )Total Impuestos Mensual, a cancelar;;; $3 ;;P Verificado con la propuesta del SII;;;;;
;;;;;;;;;;
